osm:machinetag,mz:machinetag
osm:*=earth,other:nature=planet
osm:place=continent,other:nature=continent
osm:boundary:type=aboriginal_lands,other:addressing=aboriginal_lands
osm:place=borough,other:addressing=borough
osm:placetype=macrohood,other:addressing=macrohood
osm:placetype=neighbourhood,other:addressing=neighborhood
osm:admin_level=8,other:addressing=locality
osm:placetype=campus,other:addressing=campus
osm:placetype=microhood,other:addressing=microhood
osm:boundary=national_park,do_and_see:attraction=national_park
osm:landuse=forest,do_and_see:attraction=national_forest
osm:aeroway=aerodrome,mobility:mobility=international_airport
osm:amenity=university,education_and_religion:education=university
osm:amenity=hospital,health:health=hospital
osm:tourism=theme_park,do_and_see:fun=theme_park
osm:tourism=zoo,do_and_see:fun=zoo
osm:landuse=park,do_and_see:attraction=park
osm:historic=battlefield,do_and_see:attraction=battlefield
osm:tourism=resort,shop_and_service:sleep=ski_resort
osm:natural=beach,do_and_see:attraction=beach
osm:leisure=nature_reserve,do_and_see:attraction=nature_reserve
osm:admin_level=2,other:addressing=country
"osm:featurecla=Disputed (please verify)",other:addressing=disputed
"osm:featurecla=Indefinite (please verify)",other:addressing=indefinite
"osm:featurecla=Indeterminant frontier",other:addressing=indeterminate
"osm:featurecla=Lease limit",other:addressing=lease_limit
"osm:featurecla=Line of control (please verify)",other:addressing=line_of_control
"osm:featurecla=Overlay limit",other:addressing=overlay_limit
osm:admin_level=4,other:addressing=region
osm:highway=motorway,other:transport=motorway
osm:highway=rest_area,mobility:mobility=rest_area
osm:service=high_speed,other:transport=high_speed_train
osm:highway=trunk,other:transport=trunk
osm:highway=primary,other:transport=primary
osm:highway=secondary,other:transport=secondary
osm:leisure=golf_course,do_and_see:fun=golf_course
osm:leisure=park,do_and_see:attraction=other_park
osm:tourism=aquarium,do_and_see:fun=aquarium
osm:landuse=military,other:civic=other_military_area
osm:aeroway=airport,mobility:mobility=airport
osm:amenity=college,education_and_religion:education=college
osm:leisure=stadium,do_and_see:fun=football_stadium
osm:leisure=stadium,do_and_see:fun=stadium
osm:shop=mall,shop_and_service:shop=shopping_mall
osm:tourism=museum,do_and_see:fun=history_museum
osm:man_made=observatory,do_and_see:fun=observatory
osm:highway=motorway_link,other:transport=motorway_link
osm:highway=tertiary,other:transport=tertiary
osm:highway=trunk_link,other:transport=trunk_link
osm:route=ferry,other:transport=ferry
osm:highway=primary_link,other:transport=primary_link
osm:highway=secondary_link,other:transport=secondary_link
osm:highway=tertiary_link,other:transport=tertiary_link
osm:amenity=school,education_and_religion:education=school
osm:landuse=recreation_ground,do_and_see:fun=recreation_facility
osm:boundary=protected_area,do_and_see:attraction=other_parks_and_outdoors
osm:tourism=viewpoint,do_and_see:attraction=scenic_view
osm:place=archipelago,other:nature=archipelago
osm:natural=volcano,other:nature=volcano
osm:natural=peak,other:nature=mountain
osm:waterway=dam,other:civic=dam
osm:highway=motorway_junction,other:transport=road_junction
osm:amenity=ferry_terminal,mobility:ferry_terminal=ferry
osm:aerialway=station,mobility:aerial_cable_station=aerialway
osm:amenity=cinema,do_and_see:fun=movie_theater
osm:man_made=offshore_platform,other:civic=offshore_platform
osm:amenity=prison,other:civic=prison
osm:amenity=planetarium,do_and_see:fun=planetarium
osm:man_made=wastewater_plant,shop_and_service:service=sewage
osm:man_made=water_works,shop_and_service:service=water
osm:man_made=works,other:civic=works
osm:power=sub_station,other:civic=power_station
osm:leisure=marina,do_and_see:fun=marina
osm:natural=bay,other:nature=bay
osm:natural=fjord,other:nature=fjord
osm:natural=strait,other:nature=strait
osm:landuse=reservoir,other:nature=reservoir
osm:natural=ridge,other:nature=ridge
osm:waterway=riverbank,other:nature=river
osm:natural=valley,other:nature=valley
osm:place=islet,other:nature=island
osm:waterway=canal,other:nature=canal
osm:natural=cliff,other:nature=cliff
osm:waterway=stream,other:nature=stream
osm:natural=arete,other:nature=arete
osm:waterway=drain,other:nature=drain
osm:waterway=ditch,other:nature=irrigation
osm:landuse=basin,other:nature=basin
osm:landuse=quarry,other:industry=mine
osm:power=plant,shop_and_service:service=fuel_oil_and_lpg
osm:amenity=nightclub,do_and_see:fun=nightclub
osm:leisure=bowling_alley,do_and_see:fun=bowling_alley
osm:amenity=pharmacy,health:health=pharmacy
osm:amenity=clinic,health:health=clinic
osm:amenity=library,do_and_see:attraction=library
osm:barrier=city_wall,do_and_see:attraction=city_wall
osm:historic=citywalls,do_and_see:attraction=city_walls
osm:amenity=theatre,do_and_see:fun=comedy_club
osm:amenity=theatre,do_and_see:fun=theater
osm:leisure=water_park,do_and_see:fun=water_park
osm:leisure=beach_resort,shop_and_service:sleep=resort
osm:amenity=police,other:civic=police_station
osm:amenity=post_office,shop_and_service:service=post_office
osm:amenity=ranger_station,do_and_see:attraction=ranger_station
osm:leisure=summer_camp,do_and_see:attraction=summer_camp
osm:natural=waterfall,other:nature=waterfall
osm:natural=water,other:nature=lake
osm:amenity=casino,do_and_see:fun=casino
osm:landuse=cemetery,do_and_see:attraction=cemetery
osm:amenity=courthouse,shop_and_service:service=court_house
osm:amenity=embassy,other:civic=embassy
osm:amenity=fire_station,other:civic=fire_station
osm:historic=landmark,do_and_see:attraction=historic_landmark
osm:shop=department_store,shop_and_service:shop=department_store
osm:office=government,other:civic=government_building
osm:historic=fort,other:civic=fortress
osm:leisure=sports_centre,do_and_see:fun=sports_center
osm:tourism=wilderness_hut,do_and_see:fun=wilderness_hut
osm:zoo=wildlife_park,do_and_see:attraction=wild_animal_park
osm:tourism=trail_riding_station,do_and_see:fun=trail_riding_station
osm:zoo=aviary,do_and_see:fun=aviary
osm:zoo=petting_zoo,do_and_see:fun=petting_zoo
osm:zoo=enclosure,do_and_see:fun=zoo_enclosure
osm:attraction=roller_coaster,do_and_see:fun=roller_coaster
osm:tourism=hanami,do_and_see:attraction=hanami
osm:attraction=animal,other:nature=land_animal
osm:amenity=townhall,other:civic=city_hall
osm:tourism=hotel,shop_and_service:sleep=hotel
osm:tourism=motel,shop_and_service:sleep=motel
osm:tourism=caravan_site,shop_and_service:sleep=rv_park
osm:amenity=place_of_worship,education_and_religion:religion=buddhist_temple
osm:building=church,education_and_religion:religion=church
osm:amenity=place_of_worship,education_and_religion:religion=other_religion
osm:building=synagogue,education_and_religion:religion=synagogue
osm:building=mosque,education_and_religion:religion=mosque
osm:building=temple,education_and_religion:religion=temple
osm:amenity=fuel,mobility:mobility=gas_station
osm:man_made=lighthouse,do_and_see:attraction=lighthouse
osm:historic=monument,do_and_see:attraction=monument
osm:leisure=swimming_area,do_and_see:fun=swimming_pool
osm:shop=car,shop_and_service:service=automobile_sales
osm:leisure=garden,do_and_see:fun=botanical_garden
osm:landuse=allotments,do_and_see:attraction=community_garden
osm:emergency=ambulance_station,health:health=ambulance_station
osm:leisure=track,do_and_see:fun=athletic_track
osm:attraction=maze,do_and_see:fun=maze
osm:attraction=carousel,do_and_see:fun=carousel
osm:leisure=miniature_golf,do_and_see:fun=miniature_golf
osm:shop=supermarket,shop_and_service:shop=grocery_store
osm:shop=health_food,shop_and_service:shop=health_food_store
osm:shop=convenience,shop_and_service:shop=convenience_store
osm:amenity=marketplace,do_and_see:attraction=marketplace
osm:amenity=social_centre,do_and_see:attraction=social_center
osm:amenity=community_centre,shop_and_service:service=community_hall
osm:tourism=alpine_hut,do_and_see:attraction=alpine_hut
osm:craft=sawmill,do_and_see:attraction=sawmill
osm:amenity=restaurant,eat:restaurant=dim_sum
osm:amenity=restaurant,eat:restaurant=diner
osm:amenity=restaurant,eat:restaurant=dumpling
osm:amenity=restaurant,eat:restaurant=ethiopian
osm:amenity=restaurant,eat:restaurant=filipino
osm:amenity=restaurant,eat:restaurant=basque
osm:amenity=restaurant,eat:restaurant=argentinean
osm:amenity=restaurant,eat:restaurant=asian
osm:amenity=restaurant,eat:restaurant=bbq
osm:amenity=restaurant,eat:restaurant=barbecue
osm:amenity=restaurant,eat:restaurant=breakfast
osm:amenity=restaurant,eat:restaurant=cajun_and_creole
osm:amenity=restaurant,eat:restaurant=californian
osm:amenity=restaurant,eat:restaurant=cantonese
osm:amenity=restaurant,eat:restaurant=caribbean
osm:amenity=restaurant,eat:restaurant=chilean
osm:amenity=restaurant,eat:restaurant=chinese
osm:amenity=restaurant,eat:restaurant=croatian
osm:amenity=restaurant,eat:restaurant=cuban
osm:amenity=restaurant,eat:restaurant=curry
osm:amenity=restaurant,eat:restaurant=arab
osm:amenity=restaurant,eat:restaurant=african
osm:amenity=restaurant,eat:restaurant=empanada
osm:amenity=restaurant,eat:restaurant=french
osm:amenity=restaurant,eat:restaurant=german
osm:amenity=restaurant,eat:restaurant=greek
osm:amenity=restaurant,eat:restaurant=hunan
osm:amenity=restaurant,eat:restaurant=indonesian
osm:amenity=restaurant,eat:restaurant=indian
osm:amenity=restaurant,eat:restaurant=iranian
osm:amenity=restaurant,eat:restaurant=italian
osm:amenity=restaurant,eat:restaurant=japanese
osm:amenity=restaurant,eat:restaurant=korean
osm:amenity=restaurant,eat:restaurant=kyo_ryouri
osm:amenity=restaurant,eat:restaurant=malaysian
osm:amenity=restaurant,eat:restaurant=mexican
osm:amenity=restaurant,eat:restaurant=mongolian
osm:amenity=restaurant,eat:restaurant=noodle_shop
osm:amenity=restaurant,eat:restaurant=peruvian
osm:amenity=restaurant,eat:restaurant=ramen
osm:amenity=restaurant,eat:restaurant=sichuan
osm:amenity=restaurant,eat:restaurant=soul_food
osm:amenity=restaurant,eat:restaurant=polish
osm:amenity=restaurant,eat:restaurant=spanish
osm:amenity=restaurant,eat:restaurant=steak_house
osm:amenity=restaurant,eat:restaurant=sushi
osm:amenity=restaurant,eat:restaurant=swiss
osm:amenity=restaurant,eat:restaurant=tapas
osm:amenity=restaurant,eat:restaurant=thai
osm:amenity=restaurant,eat:restaurant=tibetan
osm:amenity=restaurant,eat:restaurant=turkish
osm:amenity=restaurant,eat:restaurant=vegan
osm:amenity=restaurant,eat:restaurant=vegetarian
osm:amenity=restaurant,eat:restaurant=vietnamese
osm:amenity=restaurant,eat:restaurant=afghan
osm:amenity=restaurant,eat:restaurant=american
osm:amenity=restaurant,eat:restaurant=australian
osm:amenity=restaurant,eat:restaurant=austrian
osm:amenity=restaurant,eat:restaurant=baiana
osm:amenity=restaurant,eat:restaurant=balkan
osm:amenity=restaurant,eat:restaurant=bavarian
osm:amenity=restaurant,eat:restaurant=belarusian
osm:amenity=restaurant,eat:restaurant=belgian
osm:amenity=restaurant,eat:restaurant=bougatsa
osm:amenity=restaurant,eat:restaurant=brazilian
osm:amenity=restaurant,eat:restaurant=capixaba
osm:amenity=restaurant,eat:restaurant=casserole
osm:amenity=restaurant,eat:restaurant=chicken
osm:amenity=restaurant,eat:restaurant=couscous
osm:amenity=restaurant,eat:restaurant=czech
osm:amenity=restaurant,eat:restaurant=danish
osm:amenity=restaurant,eat:restaurant=eastern_european
osm:amenity=restaurant,eat:restaurant=fish
osm:amenity=restaurant,eat:restaurant=fish_and_chips
osm:amenity=restaurant,eat:restaurant=fried
osm:amenity=restaurant,eat:restaurant=fried_chicken
osm:amenity=restaurant,eat:restaurant=friture
osm:amenity=restaurant,eat:restaurant=gaucho
osm:amenity=restaurant,eat:restaurant=hungarian
osm:amenity=restaurant,eat:restaurant=international
osm:amenity=restaurant,eat:restaurant=latin_american
osm:amenity=restaurant,eat:restaurant=lebanese
osm:amenity=restaurant,eat:restaurant=malagasy
osm:amenity=restaurant,eat:restaurant=mediterranean
osm:amenity=restaurant,eat:restaurant=middle_eastern
osm:amenity=restaurant,eat:restaurant=mineira
osm:amenity=restaurant,eat:restaurant=moroccan
osm:amenity=restaurant,eat:restaurant=new_american
osm:amenity=restaurant,eat:restaurant=okinawa_ryori
osm:amenity=restaurant,eat:restaurant=pakistani
osm:amenity=restaurant,eat:restaurant=pancake
osm:amenity=restaurant,eat:restaurant=pasta
osm:amenity=restaurant,eat:restaurant=portuguese
osm:amenity=restaurant,eat:restaurant=regional
osm:amenity=restaurant,eat:restaurant=rhenish
osm:amenity=restaurant,eat:restaurant=romanian
osm:amenity=restaurant,eat:restaurant=russian
osm:amenity=restaurant,eat:restaurant=savory_pancakes
osm:amenity=restaurant,eat:restaurant=scandinavian
osm:amenity=restaurant,eat:restaurant=seafood
osm:amenity=restaurant,eat:restaurant=shandong
osm:amenity=restaurant,eat:restaurant=south_american
osm:amenity=restaurant,eat:restaurant=westphalian
osm:amenity=restaurant,eat_and_drink:eat=restaurant
osm:amenity=bar,eat_and_drink:drink=bar
osm:amenity=biergarten,eat_and_drink:drink=biergarten
osm:amenity=pub,eat_and_drink:drink=pub
osm:craft=brewery,eat_and_drink:drink=brewery
osm:amenity=karaoke,eat_and_drink:drink=karaoke
osm:shop=coffee,eat_and_drink:drink=coffee_shop
osm:amenity=cafe,eat_and_drink:eat=cafe
osm:amenity=restaurant,eat_and_drink:drink=tea_house
osm:amenity=food_court,eat_and_drink:eat=food_court
osm:cuisine=cake,eat_and_drink:eat=cake_shop
osm:cuisine=cupcake,eat_and_drink:eat=cupcake_shop
osm:cuisine=dessert,eat_and_drink:eat=dessert_shop
osm:amenity=restaurant,eat_and_drink:eat=frozen_yogurt
osm:amenity=restaurant,eat_and_drink:eat=pie
osm:tourism=attraction,do_and_see:attraction=tourist_attraction
osm:shop=deli,eat_and_drink:eat=deli
osm:amenity=restaurant,eat_and_drink:eat=burger
osm:amenity=restaurant,eat_and_drink:eat=burrito
osm:amenity=restaurant,eat_and_drink:eat=taco
osm:amenity=restaurant,eat_and_drink:eat=pizza
osm:amenity=restaurant,eat_and_drink:eat=sandwich
osm:amenity=restaurant,eat_and_drink:eat=salad
osm:amenity=restaurant,eat_and_drink:eat=soup
osm:amenity=restaurant,eat_and_drink:eat=sub
osm:amenity=restaurant,eat_and_drink:eat=creperie
osm:amenity=restaurant,eat_and_drink:eat=falafel
osm:amenity=restaurant,eat_and_drink:eat=gyro
osm:amenity=restaurant,eat_and_drink:eat=hot_dog
osm:amenity=restaurant,eat_and_drink:eat=kebab
osm:amenity=restaurant,eat_and_drink:eat=sausage
osm:amenity=restaurant,eat_and_drink:eat=wings_joint
osm:amenity=fast_food,eat_and_drink:eat=other_fast_food
osm:service=long_distance,other:transport=long_distance_train
osm:service=international,other:transport=international_train
osm:route=train,other:transport=train
osm:amenity=spa,shop_and_service:service=day_spa
osm:amenity=car_rental,mobility:mobility=car_rental
osm:shop=office_supplies,shop_and_service:shop=stationery_and_office_supplies
osm:shop=computer,shop_and_service:shop=computer
osm:shop=outdoor,shop_and_service:shop=outdoor_supply
osm:shop=bicycle,shop_and_service:shop=bicycle
osm:shop=fishing,shop_and_service:shop=fishing_supply
osm:shop=hunting,shop_and_service:shop=hunting_supply
osm:amenity=dentist,health:health=dentist
osm:amenity=doctors,health:health=doctor
osm:office=physician,health:health=medical_center
osm:shop=optician,health:health=optometrist
osm:shop=clothes,shop_and_service:shop=clothing_store
osm:amenity=bank,shop_and_service:money=bank
osm:amenity=bureau_de_change,shop_and_service:money=bureau_de_change
osm:amenity=atm,shop_and_service:money=atm
osm:shop=books,shop_and_service:shop=books
osm:shop=pet,shop_and_service:shop=pet_store
osm:shop=fashion,shop_and_service:shop=fashion
osm:shop=cosmetics,shop_and_service:shop=beauty_and_cosmetics
osm:shop=florist,shop_and_service:shop=florist
osm:shop=hairdresser,shop_and_service:service=beauty_salon
osm:shop=car_repair,mobility:mobility=auto_repair
osm:amenity=car_wash,mobility:mobility=car_wash
osm:shop=bakery,shop_and_service:shop=bakery
osm:tourism=bed_and_breakfast,shop_and_service:sleep=bed_and_breakfast
osm:tourism=chalet,shop_and_service:sleep=chalets
osm:tourism=guest_house,shop_and_service:sleep=guest_house
osm:tourism=hostel,shop_and_service:sleep=hostel
osm:shop=tattoo,shop_and_service:service=tattoo_parlor
osm:leisure=fitness_centre,do_and_see:fun=fitness_center
osm:amenity=arts_centre,do_and_see:fun=arts_center
osm:shop=toys,shop_and_service:shop=toy_and_game_store
osm:man_made=telescope,do_and_see:attraction=telescope
osm:historic=memorial,do_and_see:attraction=memorial
osm:amenity=animal_shelter,do_and_see:attraction=animal_shelter
osm:man_made=windmill,do_and_see:attraction=windmill
osm:tourism=artwork,do_and_see:fun=artwork
osm:attraction=water_slide,do_and_see:fun=water_slide
osm:attraction=amusement_ride,do_and_see:fun=theme_park_attraction
osm:leisure=amusement_arcade,do_and_see:fun=arcade
osm:power=generator,shop_and_service:service=electric
osm:leisure=dog_park,do_and_see:attraction=dog_park
osm:amenity=picnic_site,do_and_see:attraction=picnic_area
osm:shop=cheese,shop_and_service:shop=cheese
osm:shop=chocolate,shop_and_service:shop=chocolate
osm:shop=butcher,shop_and_service:shop=butcher
osm:shop=fish,shop_and_service:shop=fish_market
osm:man_made=communications_tower,other:civic=communications_tower
osm:natural=dune,other:nature=dune
osm:natural=geyser,other:nature=geyser
osm:shop=motorcycle,shop_and_service:service=motorcycle_sales
osm:leisure=adult_gaming_centre,do_and_see:fun=adult_gaming_center
osm:amenity=gambling,do_and_see:fun=gambling
osm:leisure=dance,do_and_see:fun=dance
osm:amenity=dojo,do_and_see:fun=dojo
osm:amenity=gym,do_and_see:fun=gym
osm:amenity=dive_centre,do_and_see:fun=dive_center
osm:shop=ski,shop_and_service:shop=ski_rental
osm:amenity=ski_school,do_and_see:fun=ski_school
osm:barrier=toll_booth,other:transport=toll_booth
osm:tourism=winery,other:industry=vineyard
osm:amenity=toilets,do_and_see:attraction=restrooms
osm:amenity=drinking_water,other:civic=drinking_water
osm:healthcare=midwife,health:health=midwife
osm:highway=trailhead,do_and_see:fun=trailhead
osm:man_made=water_tower,other:nature=water_tower
osm:shop=alcohol,shop_and_service:shop=liquor_store
osm:shop=wine,shop_and_service:shop=wine_shop
osm:historic=archaeological_site,do_and_see:attraction=archaeological_site
osm:amenity=kindergarten,education_and_religion:education=kindergarten
osm:amenity=childcare,shop_and_service:service=child_care
osm:amenity=parking,mobility:mobility=parking
osm:shop=dry_cleaning,shop_and_service:service=dry_cleaning
osm:shop=electronics,shop_and_service:shop=home_electronics
osm:amenity=bicycle_rental,do_and_see:fun=bicycle_rental
osm:amenity=boat_rental,do_and_see:fun=boat_charter
osm:shop=boat,do_and_see:fun=boat_rental
osm:leisure=fishing,do_and_see:fun=fishing_area
osm:tourism=information,do_and_see:attraction=tourist_information
osm:amenity=auditorium,do_and_see:attraction=auditorium
osm:shop=laundry,shop_and_service:service=laundry
osm:amenity=nursing_home,health:health=nursing_and_care_facility
osm:amenity=recycling,shop_and_service:service=recycling
osm:amenity=shelter,other:civic=emergency_shelter
osm:craft=carpenter,shop_and_service:service=carpenter
osm:shop=trade,shop_and_service:service=tradesmen
osm:office=administrative,other:civic=administrative_office
osm:amenity=coworking_space,other:civic=co_working_space
osm:building=public,other:civic=government_office
osm:building=office,other:civic=office_building
osm:office=advertising_agency,shop_and_service:service=advertising
osm:office=architect,shop_and_service:service=architect
osm:office=association,shop_and_service:service=professional_association
osm:amenity=boat_storage,shop_and_service:service=boat_storage
osm:amenity=charging_station,mobility:mobility=ev_charging_station
osm:office=financial,shop_and_service:money=financial_services
osm:leisure=fitness_station,do_and_see:fun=fitness_station
osm:office=foundation,shop_and_service:service=foundation
osm:craft=gardener,shop_and_service:service=landscaping_services
osm:craft=handicraft,shop_and_service:service=handicraft
osm:amenity=car_sharing,mobility:mobility=car_share
osm:leisure=pitch,do_and_see:fun=ice_rink
osm:leisure=pitch,do_and_see:fun=gaelic_games
osm:leisure=pitch,do_and_see:fun=karting
osm:piste:type=snow_park,other:transport=snow_park
osm:leisure=pitch,do_and_see:fun=dog_racing
osm:leisure=pitch,do_and_see:fun=hockey_field
osm:leisure=pitch,do_and_see:fun=race_car
osm:leisure=pitch,do_and_see:fun=safety_training
osm:office=accountant,shop_and_service:service=accounting
osm:landuse=farm,other:industry=farm
osm:craft=hvac,shop_and_service:service=hvac
osm:office=insurance,shop_and_service:service=insurance_agent
osm:office=it,shop_and_service:service=computer_services
osm:amenity=ski_rental,shop_and_service:shop=ski_shop
osm:office=consulting,shop_and_service:service=management_and_consulting
osm:office=lawyer,shop_and_service:service=lawyer_and_legal_services
osm:emergency=lifeguard_tower,other:civic=lifeguard_tower
osm:craft=metal_construction,other:industry=metals
osm:shop=mobile_phone,shop_and_service:shop=mobile_phones
osm:shop=camera,shop_and_service:shop=camera
osm:shop=music,shop_and_service:shop=music
osm:shop=newsstand,shop_and_service:shop=news
osm:shop=antiques,shop_and_service:shop=antiques
osm:office=newspaper,shop_and_service:service=newspaper
osm:shop=gift,shop_and_service:shop=gifts_and_souvenirs
osm:office=educational_institution,education_and_religion:education=other_education
osm:craft=painter,shop_and_service:service=painter
osm:office=estate_agent,shop_and_service:service=real_estate_agent
osm:craft=plumber,shop_and_service:service=plumbing
osm:office=political_party,shop_and_service:service=political_organization
osm:craft=pottery,other:industry=pottery
osm:aeroway=terminal,mobility:mobility=domestic_terminal
osm:shop=thrift,shop_and_service:shop=thrift_store
osm:building=retail,other:civic=mixed_use_building
osm:shop=medical_supply,other:industry=medical_equipment_and_supplies
osm:amenity=storage,shop_and_service:service=storage
osm:amenity=taxi,mobility:mobility=taxi_company
osm:tourism=apartment,shop_and_service:sleep=vacation_rental
osm:building=chapel,education_and_religion:religion=chapel
osm:building=shrine,education_and_religion:religion=shrine
osm:office=religion,education_and_religion:religion=other_religious_place
osm:office=research,shop_and_service:service=research
osm:office=ngo,shop_and_service:service=non_profit_organization
osm:office=notary,shop_and_service:service=notary
osm:shop=scuba_diving,shop_and_service:shop=scuba_diving
osm:craft=shoemaker,shop_and_service:service=shoe_repair_and_shine
osm:leisure=slipway,do_and_see:fun=boat_ramp
osm:leisure=common,do_and_see:attraction=town_common
osm:amenity=social_facility,shop_and_service:service=adult_care
osm:craft=stonemason,shop_and_service:service=stonemason
osm:craft=tailor,shop_and_service:shop=tailor_shop
osm:shop=bridal,shop_and_service:shop=bridal
osm:leisure=bandstand,do_and_see:fun=bandstand
osm:office=tax_advisor,shop_and_service:service=accounting_and_tax_preparation
osm:amenity=telephone,shop_and_service:service=telephone
osm:office=therapist,health:health=therapist
osm:office=travel_agent,shop_and_service:service=travel_agent
osm:amenity=veterinary,shop_and_service:service=veterinary_services
osm:craft=dressmaker,shop_and_service:service=dressmaker
osm:craft=photographer,shop_and_service:service=portrait_studio
osm:craft=photographic_laboratory,shop_and_service:service=photofinishing
osm:office=yes,shop_and_service:service=other_professional
osm:highway=cycleway,do_and_see:fun=cycleway
osm:leisure=hackerspace,shop_and_service:service=hacker_space
osm:aeroway=helipad,mobility:mobility=heliport
osm:man_made=adit,other:civic=adit
osm:natural=cave_entrance,other:nature=cave
osm:highway=ford,other:nature=ford
osm:man_made=power_wind,other:civic=wind_turbine
osm:natural=saddle,other:nature=saddle
osm:natural=hot_spring,other:nature=hot_spring
osm:whitewater=put_in;egress,do_and_see:fun=whitewater_putin_egress
osm:whitewater=put_in,do_and_see:fun=whitewater_putin
osm:whitewater=egress,do_and_see:fun=whitewater_egress
osm:whitewater=hazard,other:nature=whitewater_hazard
osm:whitewater=rapid,other:nature=rapid
osm:natural=sinkhole,other:nature=sinkhole
osm:natural=spring,other:nature=spring
osm:man_made=petroleum_well,other:civic=petroleum_well
osm:shop=gas,shop_and_service:service=natural_gas
osm:railway=subway_entrance,mobility:mobility=station_entrance
osm:*is_building_part=building,other:civic=building
osm:amenity=bicycle_rental,mobility:mobility=bike_share_station
osm:aeroway=gate,mobility:mobility=airport_gate
osm:amenity=emergency_phone,other:civic=emergency_phone
osm:amenity=shower,do_and_see:attraction=shower
osm:leisure=pitch,fun:play_field=rugby_league
osm:leisure=pitch,fun:play_field=rugby_union
osm:leisure=pitch,fun:play_field=volleyball
osm:leisure=pitch,fun:play_field=australian_football
osm:leisure=pitch,fun:play_field=badminton
osm:leisure=pitch,fun:play_field=baseball
osm:leisure=pitch,fun:play_field=basketball
osm:leisure=pitch,fun:play_field=canadian_football
osm:leisure=pitch,fun:play_field=chess
osm:leisure=pitch,fun:play_field=cricket
osm:leisure=pitch,fun:play_field=field_hockey
osm:amenity=bicycle_parking,mobility:mobility=bicycle_parking
osm:public_transport=platform,mobility:light_rail_platform=light_rail
osm:public_transport=platform,mobility:mobility=platform
osm:site=stop_area,mobility:mobility=stop_area
osm:railway=halt,mobility:rail_halt=train
osm:highway=platform,mobility:bus_stop=bus
osm:natural=scree,other:nature=scree
osm:landuse=urban,other:addressing=urban_area
osm:landuse=rural,other:addressing=rural_area
osm:landuse=commercial,other:addressing=other_built_up_area
osm:landuse=retail,other:addressing=retail_area
osm:landuse=residential,other:addressing=residential_area
osm:landuse=industrial,other:addressing=industrial_zone
osm:landuse=farmyard,other:industry=farmyard
osm:man_made=cross,other:civic=cross
osm:waterway=lock,other:civic=lock
osm:highway=traffic_signals,other:transport=traffic_signal
osm:barrier=gate,other:civic=gate
osm:barrier=bollard,other:transport=bollard
osm:man_made=beacon,other:civic=beacon
osm:man_made=mineshaft,other:civic=mineshaft
osm:man_made=water_well,other:nature=well
osm:amenity=water_point,other:nature=water_point
osm:railway=level_crossing,other:transport=level_crossing
osm:highway=mini_roundabout,other:transport=mini_roundabout
osm:icn_ref=TRUE,do_and_see:fun=biking_junction_international
osm:lcn_ref=TRUE,do_and_see:fun=biking_junction_local
osm:ncn_ref=TRUE,do_and_see:fun=biking_junction_national
osm:rcn_ref=TRUE,do_and_see:fun=biking_junction_regional
osm:iwn_ref=TRUE,do_and_see:fun=walking_junction_international
osm:lwn_ref=TRUE,do_and_see:fun=walking_junction_local
osm:nwn_ref=TRUE,do_and_see:fun=walking_junction_national
osm:rwn_ref=TRUE,do_and_see:fun=walking_junction_regional
osm:amenity=bicycle_repair_station,other:civic=bicycle_repair_station
osm:barrier=lift_gate,other:civic=lift_gate
osm:amenity=post_box,other:civic=post_box
osm:leisure=firepit,other:civic=firepit
osm:amenity=life_ring,other:civic=life_ring
osm:man_made=snow_cannon,other:civic=snow_cannon
osm:amenity=waste_disposal,shop_and_service:service=refuse
osm:amenity=bbq,do_and_see:attraction=barbecue
osm:amenity=bench,other:civic=bench
osm:barrier=cycle_barrier,other:transport=cycle_barrier
osm:emergency=phone,other:civic=public_phone
osm:amenity=picnic_table,do_and_see:attraction=picnic_table
osm:amenity=waste_basket,other:civic=waste_bin
osm:amenity=watering_place,other:nature=watering_place
osm:man_made=snow_fence,other:civic=snow_fence
osm:barrier=retaining_wall,other:civic=retaining_wall
osm:barrier=fence,other:civic=fence
osm:power=pole,other:civic=power_tower
osm:man_made=tower,other:civic=tower
osm:man_made=mast,other:civic=mast
osm:power=tower,other:civic=power_pylon
osm:aerialway=pylon,other:civic=aerial_cable_pylon
osm:landuse=wood,do_and_see:attraction=woods
osm:natural=tree,other:nature=tree
osm:natural=glacier,other:nature=glacier
osm:man_made=bridge,other:civic=bridge
osm:barrier=hedge,other:nature=hedge
osm:natural=tree_row,other:nature=tree_row
osm:addr:housenumber=TRUE,other:addressing=point_address
osm:waterway=dock,other:transport=dock
osm:*=earth,other:nature=earth
osm:highway=residential,other:transport=residential
osm:highway=unclassified,other:transport=unclassified
osm:highway=service,transport:service=alley
osm:highway=service,transport:service=driveway
osm:highway=service,transport:service=parking_aisle
osm:highway=service,transport:service=drive_through
osm:highway=service,transport:service=service_road
osm:highway=raceway,other:transport=raceway
osm:leisure=track,other:transport=track
osm:railway=light_rail,other:transport=light_rail
osm:railway=tram,other:transport=tram
osm:aerialway=gondola,other:transport=gondola
osm:aerialway=cable_car,other:transport=cable_car
osm:aerialway=chair_lift,other:transport=chair_lift
osm:whitewater=portage_way,other:transport=portage_way
osm:highway=living_street,other:transport=living_street
osm:highway=pedestrian,other:transport=pedestrian
osm:highway=path,other:transport=path
osm:highway=footway,other:transport=footway
osm:highway=steps,other:transport=steps
osm:highway=corridor,other:transport=corridor
osm:man_made=pier,other:transport=pier
osm:piste:type=nordic,other:transport=nordic
osm:piste:type=downhill,other:transport=downhill
osm:piste:type=sleigh,other:transport=sleigh
osm:piste:type=skitour,other:transport=skitour
osm:piste:type=hike,other:transport=hike
osm:piste:type=sled,other:transport=sled
osm:piste:type=yes,other:transport=other_ski
osm:piste:type=playground,other:transport=playground
osm:piste:type=ski_jump,other:transport=ski_jump
osm:aeroway=apron,other:transport=apron
osm:aeroway=runway,other:transport=runway
osm:aeroway=taxiway,other:transport=taxiway
osm:aerialway=drag_lift,other:transport=drag_lift
osm:aerialway=platter,other:transport=platter
osm:aerialway=t-bar,other:transport=t_bar
osm:aerialway=goods,other:transport=goods
osm:aerialway=magic_carpet,other:transport=magic_carpet
osm:aerialway=rope_tow,other:transport=rope_tow
osm:aerialway=yes,other:transport=yes
osm:aerialway=zip_line,other:transport=zip_line
osm:aerialway=j-bar,other:transport=j_bar
osm:aerialway=unknown,other:transport=unknown
osm:aerialway=mixed_lift,other:transport=mixed_lift
osm:aerialway=canopy,other:transport=canopy
osm:aerialway=cableway,other:transport=cableway
osm:railway=rail,other:transport=spur
osm:railway=rail,other:transport=siding
osm:railway=rail,other:transport=rail_yard
osm:railway=rail,other:transport=crossover
osm:railway=rail,other:transport=branch
osm:railway=rail,other:transport=connector
osm:railway=rail,other:transport=wye
osm:railway=rail,other:transport=runaway
osm:railway=rail,other:transport=interchange
osm:railway=rail,other:transport=switch
osm:railway=rail,other:transport=industrial
osm:railway=rail,other:transport=disused
osm:railway=rail,other:transport=driveway
osm:railway=rail,other:transport=passing_loop
osm:railway=subway,other:transport=subway
osm:railway=narrow_gauge,other:transport=narrow_gauge
osm:railway=monorail,other:transport=monorail
osm:railway=funicular,other:transport=funicular
osm:landuse=grass,other:nature=grassland
osm:landuse=meadow,other:nature=meadow
osm:natural=scrub,other:nature=scrubland
osm:natural=wetland,other:nature=wetland
osm:natural=rock,other:nature=rock
osm:natural=stone,other:nature=stone
osm:natural=land,other:nature=land
osm:man_made=breakwater,other:nature=breakwater
osm:man_made=groyne,other:nature=groyne
osm:man_made=cutline,other:nature=cutline
osm:man_made=dike,other:nature=dike
